{"cameraMode":{"drawMode":6,"name":"Overdraw","section":"Miscellaneous"},"sceneLighting":true,"audioPlay":false,"sceneViewState":{"showFog":true,"showMaterialUpdate":true,"showSkybox":true,"showFlares":true,"showImageEffects":true,"showParticleSystems":true},"in2DMode":false,"pivot":{"x":1.7099827527999879,"y":51.96501541137695,"z":4.594101905822754},"rotation":{"x":0.0344853438436985,"y":0.021588273346424104,"z":-0.0007459325715899468,"w":0.9991776943206787},"size":53.971038818359378,"orthographic":false}